ground_truth,prediction,correct
Aceta Paracetamol,ac param,False
Aceta Paracetamol,ac paramacetol,False
Aceta Paracetamol,ac param,False
Aceta Paracetamol,ac param,False
Aceta Paracetamol,ac paramacetol,False
Aceta Paracetamol,ac param,False
Aceta Paracetamol,ac param,False
Aceta Paracetamol,ac param,False
Aceta Paracetamol,ac param,False
Aceta Paracetamol,ac paramis,False
Ace Paracetamol,aceacetacet fluaz,False
Ace Paracetamol,aceacet fluaz sodium complex,False
Ace Paracetamol,aceacet fluaz,False
Ace Paracetamol,apaacet fluaz sodium complex,False
Ace Paracetamol,aceacet fluaz sodium complex,False
Ace Paracetamol,aceacet fluaz,False
Ace Paracetamol,aceacet fluaz,False
Ace Paracetamol,aceacet feofad hydroidechlor,False
Ace Paracetamol,aceacet fluaz sodium complex,False
Ace Paracetamol,noder param,False
Alatrol Cetirizine Hydrochloride,al metidilet,False
Alatrol Cetirizine Hydrochloride,aletrolet metidole,False
Alatrol Cetirizine Hydrochloride,al metidiletronaz,False
Alatrol Cetirizine Hydrochloride,alrol metidole,False
Alatrol Cetirizine Hydrochloride,alrol metidole,False
Alatrol Cetirizine Hydrochloride,alrol fluaz sodium complex,False
Alatrol Cetirizine Hydrochloride,alrol metidole,False
Alatrol Cetirizine Hydrochloride,alrol metidole,False
Alatrol Cetirizine Hydrochloride,alrol metidole,False
Alatrol Cetirizine Hydrochloride,alrol metidole,False
Amodis Metronidazole,amisisronel,False
Amodis Metronidazole,amisisronisronaz,False
Amodis Metronidazole,amamisronel,False
Amodis Metronidazole,amisisronel,False
Amodis Metronidazole,amisisronaz,False
Amodis Metronidazole,amisisronaz,False
Amodis Metronidazole,amamisronel,False
Amodis Metronidazole,amisisronel,False
Amodis Metronidazole,amamisronisronaz,False
Amodis Metronidazole,amisel metidole,False
Atrizin Cetirizine Hydrochloride,etinetinetinet,False
Atrizin Cetirizine Hydrochloride,atriithinet metidole,False
Atrizin Cetirizine Hydrochloride,atrizin ciririnechlor,False
Atrizin Cetirizine Hydrochloride,atrizin ciririnechlor,False
Atrizin Cetirizine Hydrochloride,atrizinet metidole,False
Atrizin Cetirizine Hydrochloride,atrizin ciririnechlor,False
Atrizin Cetirizine Hydrochloride,atrizin ciririnechlor,False
Atrizin Cetirizine Hydrochloride,atrizin ciririnechlor,False
Atrizin Cetirizine Hydrochloride,atrizin ciririnechlor,False
Atrizin Cetirizine Hydrochloride,atrizin ciririnechlor,False
Axodin Fexofenadine Hydrochloride,axinxinx feofad hydroidechlor,False
Axodin Fexofenadine Hydrochloride,axinx feofad hydroidechlor,False
Axodin Fexofenadine Hydrochloride,axinxinx feofad hydroidechlor,False
Axodin Fexofenadine Hydrochloride,axinxinx feofad hydroidechlor,False
Axodin Fexofenadine Hydrochloride,axin cirinechlor,False
Axodin Fexofenadine Hydrochloride,axinxinx feofad hydroidechlor,False
Axodin Fexofenadine Hydrochloride,axinxinx feofad hydroidechlor,False
Axodin Fexofenadine Hydrochloride,axinxinx feofad hydroidechlor,False
Axodin Fexofenadine Hydrochloride,axinxinx feofad hydroidechlor,False
Axodin Fexofenadine Hydrochloride,axinx feofad hydroidechlor,False
Azithrocin Azithromycin Dihydrate,azroc azromy diratephthal,False
Azithrocin Azithromycin Dihydrate,azroc azromy diratephthal,False
Azithrocin Azithromycin Dihydrate,azroc azromy diratephthal,False
Azithrocin Azithromycin Dihydrate,azroc azromy diratephthal,False
Azithrocin Azithromycin Dihydrate,azroc azromy diratephthal,False
Azithrocin Azithromycin Dihydrate,azroc azromy diratephthal,False
Azithrocin Azithromycin Dihydrate,azroc azromy diratephthal,False
Azithrocin Azithromycin Dihydrate,azroc azromy diratephthal,False
Azithrocin Azithromycin Dihydrate,azithinithinithinithcinhyd,False
Azithrocin Azithromycin Dihydrate,azroc azromy diratephthal,False
Azyth Azithromycin Dihydrate,az azromy diratephthal,False
Azyth Azithromycin Dihydrate,az azromy azromy diratephthal,False
Azyth Azithromycin Dihydrate,az azromy diratephthal,False
Azyth Azithromycin Dihydrate,az azromy diratephthal,False
Azyth Azithromycin Dihydrate,az azromy diratephthal,False
Azyth Azithromycin Dihydrate,az azromy diratephthal,False
Azyth Azithromycin Dihydrate,az azromy diratephthal,False
Azyth Azithromycin Dihydrate,naz azromy diratephthal,False
Azyth Azithromycin Dihydrate,az azromy diratephthal,False
Azyth Azithromycin Dihydrate,az azromy azromy diratephthal,False
Az Azithromycin Dihydrate,azithithithithcinhyd,False
Az Azithromycin Dihydrate,azithithithithcinhyd,False
Az Azithromycin Dihydrate,azithithithcinhyd,False
Az Azithromycin Dihydrate,azithithithcinhyd,False
Az Azithromycin Dihydrate,noder azromy diratephthal,False
Az Azithromycin Dihydrate,ith flu azromy diratephthal,False
Az Azithromycin Dihydrate,azithithithcinhyd,False
Az Azithromycin Dihydrate,azithithithcinhyd,False
Az Azithromycin Dihydrate,azithithithcinhyd,False
Az Azithromycin Dihydrate,azithithithcinhyd,False
Bacaid Baclofen,baid bofad hydroideof,False
Bacaid Baclofen,bac bofofof bofofad hydroideof,False
Bacaid Baclofen,bac bofofadaclenaclenaclen,False
Bacaid Baclofen,bac bofofadaclenaclenaclenaclen,False
Bacaid Baclofen,bbaidaclen bofof,False
Bacaid Baclofen,blon bof bofad hydroideof,False
Bacaid Baclofen,bmax bof bofad hydroideof,False
Bacaid Baclofen,bac bofofadaclenaclenaclen,False
Bacaid Baclofen,bac bof bofad hydroideof,False
Bacaid Baclofen,blon bof bofad hydroideof,False
Backtone Baclofen,back blon bofad hydroidechlor,False
Backtone Baclofen,back blon bof bofad hydroidechlor,False
Backtone Baclofen,bmax bof bofad hydroidechlor,False
Backtone Baclofen,bmax bof bofad hydroidechlor,False
Backtone Baclofen,back bof bofof bofofad hydroideof,False
Backtone Baclofen,back blon bofad hydroidechlor,False
Backtone Baclofen,blon bof bofofad hydroideof,False
Backtone Baclofen,blon bof bofad hydroidechlor,False
Backtone Baclofen,blon bof bofad hydroidechlor,False
Backtone Baclofen,back blon bof bofad hydroidechlor,False
Baclofen Baclofen,bbmax bof bofad hydroidechlor,False
Baclofen Baclofen,bof bof bof bofad hydroideof,False
Baclofen Baclofen,bof bof bofad hydroideof,False
Baclofen Baclofen,bof bof bof bofad hydroideof,False
Baclofen Baclofen,bbzin bofiz hydroideof,False
Baclofen Baclofen,bbof bof bofad hydroidechlor,False
Baclofen Baclofen,bbof bofad hydroideof,False
Baclofen Baclofen,bbof bof bofad hydroideof,False
Baclofen Baclofen,bbof bof bofad hydroidechlor,False
Baclofen Baclofen,bof bof bofad hydroideof,False
Baclon Baclofen,blon bof bofad hydroidechlor,False
Baclon Baclofen,blon bof bofad hydroidechlor,False
Baclon Baclofen,blon bof bofad hydroidechlor,False
Baclon Baclofen,blon bof bofad hydroidechlor,False
Baclon Baclofen,blon bof bofad hydroidechlor,False
Baclon Baclofen,blon bof bofad hydroidechlor,False
Baclon Baclofen,blon bof bofad hydroidechlor,False
Baclon Baclofen,blon bof bofad hydroidechlor,False
Baclon Baclofen,blon bof bofad hydroidechlor,False
Baclon Baclofen,blon bof bofad hydroidechlor,False
Bacmax Baclofen,bmax bof bofad hydroidechlor,False
Bacmax Baclofen,bmax bofof bofad hydroidechlor,False
Bacmax Baclofen,bmax bof bofad hydroidechlor,False
Bacmax Baclofen,bbmax bofad hydroidechlor,False
Bacmax Baclofen,bmax bofad hydroidechlor,False
Bacmax Baclofen,bmax bofof bofad hydroidechlor,False
Bacmax Baclofen,bmax bof bofad hydroidechlor,False
Bacmax Baclofen,bmax bof bofad hydroidechlor,False
Bacmax Baclofen,bmax bofof bofad hydroidechlor,False
Bacmax Baclofen,bmax bofof bofad hydroidechlor,False
Beklo Baclofen,bek blon bofofof,False
Beklo Baclofen,bmax bof bofad hydroidechlor,False
Beklo Baclofen,bek bof bofad hydroideof,False
Beklo Baclofen,bek bof bofad hydroideof,False
Beklo Baclofen,bek bof bofad hydroidechlor,False
Beklo Baclofen,nnoder bofad hydroideof,False
Beklo Baclofen,bek bof bofad hydroideof,False
Beklo Baclofen,bek bof bofad hydroideof,False
Beklo Baclofen,bek bof bofad hydroidechlor,False
Beklo Baclofen,bek bof bofad hydroidechlor,False
Bicozin Vitamin B Complex + Zinc,bbzin bofiz hydroidechlor,False
Bicozin Vitamin B Complex + Zinc,blon bof bofad hydroidechlor,False
Bicozin Vitamin B Complex + Zinc,bbzin bofiz hydroidechlor,False
Bicozin Vitamin B Complex + Zinc,bbzin bofiz hydroideof,False
Bicozin Vitamin B Complex + Zinc,bbzin bofiz hydroidechlor,False
Bicozin Vitamin B Complex + Zinc,bzin bofad hydroidechlor,False
Bicozin Vitamin B Complex + Zinc,bbzin bofiz hydroidechlor,False
Bicozin Vitamin B Complex + Zinc,bbzin bofiz hydroideof,False
Bicozin Vitamin B Complex + Zinc,bzin bofiz bofiz hydroideof,False
Bicozin Vitamin B Complex + Zinc,bof bof feofad hydroidechlor,False
Canazole Fluconazole,canole fluaz sodiumaz sodium complex,False
Canazole Fluconazole,canolecon fluaz,False
Canazole Fluconazole,canolecon fluaz sodiumaz,False
Canazole Fluconazole,canole fluaz sodiumaz sodium complex,False
Canazole Fluconazole,canolecon fluaz sodiumaz,False
Canazole Fluconazole,canolecon fluaz,False
Canazole Fluconazole,canolecon fluaz,False
Canazole Fluconazole,canole fluaz sodiumaz sodium complex,False
Canazole Fluconazole,canole fluaz,False
Canazole Fluconazole,canolecon fluaz,False
Candinil Fluconazole,candil fluaz,False
Candinil Fluconazole,candil fluaz,False
Candinil Fluconazole,candil fluaz,False
Candinil Fluconazole,candil fluaz,False
Candinil Fluconazole,candil fluaz,False
Candinil Fluconazole,candil fluaz,False
Candinil Fluconazole,candil fluaz,False
Candinil Fluconazole,candil fluaz,False
Candinil Fluconazole,candil fluaz,False
Candinil Fluconazole,candil fluaz,False
Cetisoft Cetirizine Hydrochloride,cetet ciririnechlor,False
Cetisoft Cetirizine Hydrochloride,cir ciririnechlor,False
Cetisoft Cetirizine Hydrochloride,cir ciririnechlor,False
Cetisoft Cetirizine Hydrochloride,cir ciririnechlor,False
Cetisoft Cetirizine Hydrochloride,cirrastet clazam,False
Cetisoft Cetirizine Hydrochloride,cirros ciririnechlor,False
Cetisoft Cetirizine Hydrochloride,cetet ciririnechlor,False
Cetisoft Cetirizine Hydrochloride,ciret clirinechlor,False
Cetisoft Cetirizine Hydrochloride,tastast fluaz tabletidechlor,False
Cetisoft Cetirizine Hydrochloride,cirros azromy diratephthal,False
Conaz Fluconazole,con flu fluaz,False
Conaz Fluconazole,con flu fluaz,False
Conaz Fluconazole,con flu fluaz,False
Conaz Fluconazole,con flu fluaz,False
Conaz Fluconazole,con flu fluaz,False
Conaz Fluconazole,con flu fluaz,False
Conaz Fluconazole,con flu fluaz,False
Conaz Fluconazole,con flu fluaz,False
Conaz Fluconazole,con flu fluaz,False
Conaz Fluconazole,con flu fluaz,False
Dancel Ketoconazole (Shampoo),d ketanceloconole,False
Dancel Ketoconazole (Shampoo),d ketaz ketaz shampooium,False
Dancel Ketoconazole (Shampoo),d ketaz ketaz shampooium,False
Dancel Ketoconazole (Shampoo),tros azromy diratephthal,False
Dancel Ketoconazole (Shampoo),d ketaz ketaz shampooaz shampooidechlor,False
Dancel Ketoconazole (Shampoo),d ketaz fluaz shampooidechlor,False
Dancel Ketoconazole (Shampoo),d ketaz ketaz shampoooconole,False
Dancel Ketoconazole (Shampoo),d ketaz ketaz shampoooconole,False
Dancel Ketoconazole (Shampoo),danceloconiloconole,False
Dancel Ketoconazole (Shampoo),d ketaz ketaz shampoooconole,False
Denixil Clonazepam,denil montuk sodium complex,False
Denixil Clonazepam,denil montuk sodium complex,False
Denixil Clonazepam,denil montuk sodium complex,False
Denixil Clonazepam,denilon clazam,False
Denixil Clonazepam,denilon clazam,False
Denixil Clonazepam,denilon clazam,False
Denixil Clonazepam,denilon clazam,False
Denixil Clonazepam,denilon clazam,False
Denixil Clonazepam,denil montuk sodiumidechlor,False
Denixil Clonazepam,denilon fluaz sodium complex,False
Diflu Fluconazole,dif fluaz sodium complex complex,False
Diflu Fluconazole,dif fluxeninechlor,False
Diflu Fluconazole,dif fluaz sodium complex complex,False
Diflu Fluconazole,dif fluaz sodium complex complex,False
Diflu Fluconazole,dif fluaz,False
Diflu Fluconazole,dif fluxeninechlor,False
Diflu Fluconazole,dif flux fluaz sodium complex,False
Diflu Fluconazole,dif fluxeninechlor,False
Diflu Fluconazole,dif fluxeninechlor,False
Diflu Fluconazole,dif fluxeninechlor,False
Dinafex Fexofenadine Hydrochloride,dinaexxxxxxeninechlor,False
Dinafex Fexofenadine Hydrochloride,fix feofadx feofad hydroidechlor,False
Dinafex Fexofenadine Hydrochloride,dfo feofad hydroidechlor,False
Dinafex Fexofenadine Hydrochloride,dinaexxxxxxeninechlor,False
Dinafex Fexofenadine Hydrochloride,dinaexxxxx sodium complex,False
Dinafex Fexofenadine Hydrochloride,dinaexxxxxx sodium complex,False
Dinafex Fexofenadine Hydrochloride,dinaexxxxxxxacleninechlor,False
Dinafex Fexofenadine Hydrochloride,mon mont mont montuk sodiumium,False
Dinafex Fexofenadine Hydrochloride,dinaexxxxxxxacleninechlor,False
Dinafex Fexofenadine Hydrochloride,mon mont mont montuk sodiumium,False
Disopan Clonazepam,disdisanonononononononel,False
Disopan Clonazepam,disananononanconole,False
Disopan Clonazepam,disdisanononononconole,False
Disopan Clonazepam,disdisanononononononan,False
Disopan Clonazepam,disdisanononononononithil,False
Disopan Clonazepam,disdisanononononononan,False
Disopan Clonazepam,disdisanononononononan,False
Disopan Clonazepam,disdisanononononononconole,False
Disopan Clonazepam,disdisanonononononononononel,False
Disopan Clonazepam,disdisanonononononoleof,False
Esonix Esomeprazole,esonix espole,False
Esonix Esomeprazole,esonixomeomeomeraz,False
Esonix Esomeprazole,esonium montuk sodiumium,False
Esonix Esomeprazole,esonix espole,False
Esonix Esomeprazole,esonix bofad hydroidechlor,False
Esonix Esomeprazole,eson es espole,False
Esonix Esomeprazole,esonium espole,False
Esonix Esomeprazole,esonix espole,False
Esonix Esomeprazole,esonix espole,False
Esonix Esomeprazole,esonix espole,False
Esoral Esomeprazole,es espole,False
Esoral Esomeprazole,es espole,False
Esoral Esomeprazole,es espoleomeraz,False
Esoral Esomeprazole,es espole,False
Esoral Esomeprazole,es es espole,False
Esoral Esomeprazole,es espoleomeraz,False
Esoral Esomeprazole,es espole,False
Esoral Esomeprazole,es espole,False
Esoral Esomeprazole,es es espole,False
Esoral Esomeprazole,es espole,False
Etizin Cetirizine Hydrochloride,etinetinet,False
Etizin Cetirizine Hydrochloride,etinetinetinet,False
Etizin Cetirizine Hydrochloride,etinetinetinet,False
Etizin Cetirizine Hydrochloride,etinetinetinet,False
Etizin Cetirizine Hydrochloride,etinetinetinet,False
Etizin Cetirizine Hydrochloride,etinetinetinet,False
Etizin Cetirizine Hydrochloride,etinetinet,False
Etizin Cetirizine Hydrochloride,etininetinet,False
Etizin Cetirizine Hydrochloride,etinetinetinet,False
Etizin Cetirizine Hydrochloride,etinetinetinet,False
Exium Esomeprazole,ex espole,False
Exium Esomeprazole,ith flu azromy diratephthal,False
Exium Esomeprazole,ex espole,False
Exium Esomeprazole,ex espole,False
Exium Esomeprazole,ex espole,False
Exium Esomeprazole,ex espole,False
Exium Esomeprazole,ex espole,False
Exium Esomeprazole,ex espole,False
Exium Esomeprazole,ex espole,False
Exium Esomeprazole,ex espole,False
Fenadin Fexofenadine Hydrochloride,fenadinx feofad hydroidechlor,False
Fenadin Fexofenadine Hydrochloride,fo feofad hydroidechlor,False
Fenadin Fexofenadine Hydrochloride,fen feofad feofad hydroidechlor,False
Fenadin Fexofenadine Hydrochloride,fen feof feofad hydroidechlor,False
Fenadin Fexofenadine Hydrochloride,fenadinx feofad hydroidechlor,False
Fenadin Fexofenadine Hydrochloride,fen feofad feofad hydroidechlor,False
Fenadin Fexofenadine Hydrochloride,fen feofad feofad hydroidechlor,False
Fenadin Fexofenadine Hydrochloride,nnoderil metidole,False
Fenadin Fexofenadine Hydrochloride,fox feofad hydroidechlor,False
Fenadin Fexofenadine Hydrochloride,fen feof feofad hydroidechlor,False
Fexofast Fexofenadine Hydrochloride,ffixastxastxastx hydroideof hydroideof hydroideof hydroideof,False
Fexofast Fexofenadine Hydrochloride,fflexastastxastxpofad hydroideof,False
Fexofast Fexofenadine Hydrochloride,ffixastxastxastxastx hydroideof hydroideof hydroideof,False
Fexofast Fexofenadine Hydrochloride,ffixastxastxastxpofad hydroideof hydroideof,False
Fexofast Fexofenadine Hydrochloride,fixastastxastxpofad hydroideof,False
Fexofast Fexofenadine Hydrochloride,ffof feofad hydroideof hydroideof,False
Fexofast Fexofenadine Hydrochloride,ffof feofad hydroideofad hydroideof,False
Fexofast Fexofenadine Hydrochloride,fflexastxastxastxastx hydroideof hydroideof hydroideof hydroideof,False
Fexofast Fexofenadine Hydrochloride,fflexastastxastxastx hydroideof hydroideof,False
Fexofast Fexofenadine Hydrochloride,flexastastxastxastxpofad hydroideof hydroideof,False
Fexo Fexofenadine Hydrochloride,trock montuk sodium complex,False
Fexo Fexofenadine Hydrochloride,feof feofad hydroidechlor,False
Fexo Fexofenadine Hydrochloride,fo feofad hydroidechlor,False
Fexo Fexofenadine Hydrochloride,fix feofad hydroideof,False
Fexo Fexofenadine Hydrochloride,fox feofad hydroidechlor,False
Fexo Fexofenadine Hydrochloride,fen feof feofad hydroidechlor,False
Fexo Fexofenadine Hydrochloride,nex espole,False
Fexo Fexofenadine Hydrochloride,fo feofad hydroidechlor,False
Fexo Fexofenadine Hydrochloride,fo feofad hydroidechlor,False
Fexo Fexofenadine Hydrochloride,fo feofad hydroidechlor,False
Filmet Metronidazole,fil metron metidole,False
Filmet Metronidazole,fil metron metidole,False
Filmet Metronidazole,fil metidil montuk sodium,False
Filmet Metronidazole,fil metid metidole,False
Filmet Metronidazole,fil flu metidole,False
Filmet Metronidazole,fil metron metidole,False
Filmet Metronidazole,fil metid montuk sodium complex,False
Filmet Metronidazole,fil metron metidole,False
Filmet Metronidazole,fil metidil montuk sodium complex,False
Filmet Metronidazole,fil metron metidole,False
Fixal Fexofenadine Hydrochloride,fix feofadx feofad hydroidechlor,False
Fixal Fexofenadine Hydrochloride,fix feofad hydroideof,False
Fixal Fexofenadine Hydrochloride,fix feofadx feofad hydroidechlor,False
Fixal Fexofenadine Hydrochloride,fix feofad hydroideof,False
Fixal Fexofenadine Hydrochloride,fix feofad hydroideof,False
Fixal Fexofenadine Hydrochloride,fix feofad hydroideof hydroidechlor,False
Fixal Fexofenadine Hydrochloride,flex feofadx feofad hydroidechlor,False
Fixal Fexofenadine Hydrochloride,fix feofad hydroideof,False
Fixal Fexofenadine Hydrochloride,fen feof feofad hydroidechlor,False
Fixal Fexofenadine Hydrochloride,fix feofad hydroideof hydroidechlor,False
Flamyd Metronidazole,fydron metidole,False
Flamyd Metronidazole,ffydron extendideof,False
Flamyd Metronidazole,fydron metidole,False
Flamyd Metronidazole,fydron metidole,False
Flamyd Metronidazole,fl flu metidole,False
Flamyd Metronidazole,fydron metidole,False
Flamyd Metronidazole,ffydron extendideof,False
Flamyd Metronidazole,flam metidole,False
Flamyd Metronidazole,ffydron extendideof,False
Flamyd Metronidazole,flam metidole,False
Flexibac Baclofen,flexib bof feofad hydroidechlor,False
Flexibac Baclofen,flexib bof feofad hydroidechlor,False
Flexibac Baclofen,flexib bofofad hydroideof,False
Flexibac Baclofen,flexib bofofad hydroideof,False
Flexibac Baclofen,flexib bofofad hydroideof,False
Flexibac Baclofen,flexib bof feofad hydroidechlor,False
Flexibac Baclofen,flexib bof feofad hydroidechlor,False
Flexibac Baclofen,flexib bof feofad hydroidechlor,False
Flexibac Baclofen,flexib bof feofad hydroidechlor,False
Flexibac Baclofen,flexib bof feofad hydroidechlor,False
Flexilax Baclofen,flexil bofof feofad hydroidechlor,False
Flexilax Baclofen,flexil bofof feofad hydroidechlor,False
Flexilax Baclofen,flexil bofof feofad hydroidechlor,False
Flexilax Baclofen,flexil metidole,False
Flexilax Baclofen,flexil bof feofad hydroidechlor,False
Flexilax Baclofen,flexil bof feofad hydroidechlor,False
Flexilax Baclofen,flexil bofof feofad hydroidechlor,False
Flexilax Baclofen,flexil bof feofad hydroidechlor,False
Flexilax Baclofen,flexil bof feofad hydroidechlor,False
Flexilax Baclofen,flexil bof feofad hydroidechlor,False
Flugal Fluconazole,fl flu flu flu flu,False
Flugal Fluconazole,fl flu flu flu flu,False
Flugal Fluconazole,fl fluugalconole,False
Flugal Fluconazole,fl fluugalconole,False
Flugal Fluconazole,fl flu flu fluaz sodium,False
Flugal Fluconazole,fl flu fluugalconole,False
Flugal Fluconazole,fl fluugalconole,False
Flugal Fluconazole,fl fluut montuk sodiumideof,False
Flugal Fluconazole,fl fluugalconole,False
Flugal Fluconazole,fl fluugalconole,False
Ketocon Ketoconazole (Shampoo),ket feof feofad hydroidechlor,False
Ketocon Ketoconazole (Shampoo),ketum montuk sodium complex,False
Ketocon Ketoconazole (Shampoo),ket feof feofad hydroidechlor,False
Ketocon Ketoconazole (Shampoo),ketoconoconoconoconoconoconoconoconoconoconoconomeomeomeomechlor,False
Ketocon Ketoconazole (Shampoo),ket ket ketaz tabletoconole,False
Ketocon Ketoconazole (Shampoo),ketoconoconoconoconoconoconoconomeomeomeomechlor,False
Ketocon Ketoconazole (Shampoo),ketoconoconoconoconoconoconoconoconoconoconoconomeomeomeomechlor,False
Ketocon Ketoconazole (Shampoo),ket feof feofad hydroidechlor,False
Ketocon Ketoconazole (Shampoo),ket feof feofad hydroidechlor,False
Ketocon Ketoconazole (Shampoo),ketum montuk sodium complex,False
Ketoral Ketoconazole (Tablet),ketoraloconole,False
Ketoral Ketoconazole (Tablet),ketoraloconoconoconole,False
Ketoral Ketoconazole (Tablet),ketoraloconole,False
Ketoral Ketoconazole (Tablet),ketoraloconole,False
Ketoral Ketoconazole (Tablet),ketoraloconoconoconole,False
Ketoral Ketoconazole (Tablet),ketoraloconketabof,False
Ketoral Ketoconazole (Tablet),ketoraloconketabof,False
Ketoral Ketoconazole (Tablet),ketoraloconoconoconoconole,False
Ketoral Ketoconazole (Tablet),ketoraloconoconoconole,False
Ketoral Ketoconazole (Tablet),ketoraloconole,False
Ketotab Ketoconazole (Tablet),ketotaboconoconoconoconidechlor,False
Ketotab Ketoconazole (Tablet),ketotaboconoconoconoconidechlor,False
Ketotab Ketoconazole (Tablet),ketotaboconoconoconoconoconidechlor,False
Ketotab Ketoconazole (Tablet),ketotaboconoconoconoconoconidechlor,False
Ketotab Ketoconazole (Tablet),ketotaboconoconoconoconoconoconidechlor,False
Ketotab Ketoconazole (Tablet),ketotaboconoconoconoconidechlor,False
Ketotab Ketoconazole (Tablet),ketotaboconoconoconoconidechlor,False
Ketotab Ketoconazole (Tablet),ketotaboconoconoconoconoconidechlor,False
Ketotab Ketoconazole (Tablet),ketotaboconoconoconoconidechlor,False
Ketotab Ketoconazole (Tablet),ketotaboconoconoconoconoconoconoconole,False
Ketozol Ketoconazole (Shampoo),ketol ketaz tabletoconole,False
Ketozol Ketoconazole (Shampoo),ketoraloconole,False
Ketozol Ketoconazole (Shampoo),ketol ketaz tabletoconole,False
Ketozol Ketoconazole (Shampoo),ketoz ketaz tabletoconole,False
Ketozol Ketoconazole (Shampoo),nket ketaz ketaz shampooideof,False
Ketozol Ketoconazole (Shampoo),ketoraloconoconoconoconoconoconole,False
Ketozol Ketoconazole (Shampoo),ketoz ketaz tabletoconole,False
Ketozol Ketoconazole (Shampoo),ketoraloconoconole,False
Ketozol Ketoconazole (Shampoo),ketol ketaz tabletugal complex,False
Ketozol Ketoconazole (Shampoo),ketoraloconole,False
Leptic Clonazepam,lele clazam,False
Leptic Clonazepam,lele clazam,False
Leptic Clonazepam,lele clazam,False
Leptic Clonazepam,lele clazam,False
Leptic Clonazepam,leop clazam,False
Leptic Clonazepam,lepticon clazam,False
Leptic Clonazepam,lele clazam,False
Leptic Clonazepam,lele clazam,False
Leptic Clonazepam,lele clazam,False
Leptic Clonazepam,lele clazam,False
Lucan-R Fluconazole,lanan fluaz sodium complex,False
Lucan-R Fluconazole,lan fluaz,False
Lucan-R Fluconazole,lanan fluaz sodium complex,False
Lucan-R Fluconazole,lanan fluaz,False
Lucan-R Fluconazole,lanan fluaz sodium complex,False
Lucan-R Fluconazole,llan fluaz,False
Lucan-R Fluconazole,lanan fluaz sodium complex,False
Lucan-R Fluconazole,lan fluaz,False
Lucan-R Fluconazole,lanan fluaz,False
Lucan-R Fluconazole,lanan fluaz sodium complex,False
Lumona Montelukast Sodium,llum montuk sodiumidechlor,False
Lumona Montelukast Sodium,lum montuk sodiumidechlor,False
Lumona Montelukast Sodium,lum montuk sodium complex,False
Lumona Montelukast Sodium,lum montuk sodium complex,False
Lumona Montelukast Sodium,lum montuk sodium complex,False
Lumona Montelukast Sodium,lan montuk sodium complex,False
Lumona Montelukast Sodium,lum montuk sodiumidephthal,False
Lumona Montelukast Sodium,lum montuk sodium complex,False
Lumona Montelukast Sodium,Rumum montuk sodiumidephthal,False
Lumona Montelukast Sodium,lan montuk sodium complex,False
M-Kast Montelukast Sodium,mk mont montuk sodium complex,False
M-Kast Montelukast Sodium,mk montuk sodium complex,False
M-Kast Montelukast Sodium,mk mont montuk sodium complex,False
M-Kast Montelukast Sodium,mk mont montuk sodium,False
M-Kast Montelukast Sodium,mk mont montuk sodium complex,False
M-Kast Montelukast Sodium,mon mont montuk sodium complex,False
M-Kast Montelukast Sodium,mk mont montuk sodium complex,False
M-Kast Montelukast Sodium,mk mont montuk sodium complex,False
M-Kast Montelukast Sodium,mk mont montuk sodium complex,False
M-Kast Montelukast Sodium,mk montuk sodiumideof,False
Maxima Esomeprazole,maximaomeomeomeomeomechlor,False
Maxima Esomeprazole,maximaomeomeomeomechlor,False
Maxima Esomeprazole,maxima espole,False
Maxima Esomeprazole,maximaomeomeomeomeraz,False
Maxima Esomeprazole,maximaomeomeomeomeraz,False
Maxima Esomeprazole,maximaomeomeomeomechlor,False
Maxima Esomeprazole,maximaomeomeomeomeraz,False
Maxima Esomeprazole,maximaomeomeomeomeraz,False
Maxima Esomeprazole,maximaomeomeomeomeraz,False
Maxima Esomeprazole,maximaomeomeomeomeraz,False
Maxpro Esomeprazole,max es espoleof hydroideof,False
Maxpro Esomeprazole,n extendacet metidole,False
Maxpro Esomeprazole,max es espole,False
Maxpro Esomeprazole,mon mont montuk sodium complex,False
Maxpro Esomeprazole,nep espole,False
Maxpro Esomeprazole,noder espole,False
Maxpro Esomeprazole,maxproomeomechlor,False
Maxpro Esomeprazole,noder espole,False
Maxpro Esomeprazole,noder espole,False
Maxpro Esomeprazole,noder espole,False
Metro Metronidazole,met met met metidole,False
Metro Metronidazole,met met met metidole,False
Metro Metronidazole,met met metidole,False
Metro Metronidazole,met met metidole,False
Metro Metronidazole,met met met metidole,False
Metro Metronidazole,met met met metidole,False
Metro Metronidazole,met met metidole,False
Metro Metronidazole,met met metidole,False
Metro Metronidazole,met met metidole,False
Metro Metronidazole,met met met metidole,False
Metsina Metronidazole,mnoder metidole,False
Metsina Metronidazole,noder azromy diratephthal,False
Metsina Metronidazole,melmon montuk sodium complex,False
Metsina Metronidazole,mnoder metidole,False
Metsina Metronidazole,mets metidole,False
Metsina Metronidazole,mninael metidole,False
Metsina Metronidazole,mnoder metidole,False
Metsina Metronidazole,mnoder metidole,False
Metsina Metronidazole,minaacet ketaz tabletium,False
Metsina Metronidazole,minaacet metidole,False
Monas Montelukast Sodium,mon mont montuk sodium complex,False
Monas Montelukast Sodium,mon mont montuk sodium complex,False
Monas Montelukast Sodium,mon mont montuk sodiumuk sodium complex,False
Monas Montelukast Sodium,mon mont montuk sodiumuk sodium complex,False
Monas Montelukast Sodium,mon mont montuk sodium complex,False
Monas Montelukast Sodium,mon mont montuk sodium complex,False
Monas Montelukast Sodium,mon mont montuk sodiumuk sodium complex,False
Monas Montelukast Sodium,mon mont montuk sodiumidephthal,False
Monas Montelukast Sodium,mon mont montuk sodiumuk sodium complex,False
Monas Montelukast Sodium,mon mont montuk sodiumidechlor,False
Montair Montelukast Sodium,mont mont montuk sodiumuk sodium complex,False
Montair Montelukast Sodium,mont mont montuk sodium complex,False
Montair Montelukast Sodium,mont mont mont montuk sodium,False
Montair Montelukast Sodium,mon mont montuk sodium complex,False
Montair Montelukast Sodium,mont mont montuk sodium complex,False
Montair Montelukast Sodium,noder azromy diratephthal,False
Montair Montelukast Sodium,mon mont montuk sodiumidechlor,False
Montair Montelukast Sodium,mont mont montuk sodium complex,False
Montair Montelukast Sodium,mon mont montuk sodiumuk sodium complex,False
Montair Montelukast Sodium,mon mont mont montuk sodiumuk sodium complex,False
Montene Montelukast Sodium,mont mont montuk sodiumidechlor,False
Montene Montelukast Sodium,mont mont mont montuk sodium,False
Montene Montelukast Sodium,mont mont montuk sodium complex,False
Montene Montelukast Sodium,mont mont montuk sodiumidechlor,False
Montene Montelukast Sodium,bcand bof bofad hydroidechlor,False
Montene Montelukast Sodium,mont mont montuk sodiumenechlor,False
Montene Montelukast Sodium,mont mont mont montuk sodium,False
Montene Montelukast Sodium,mont mont montuk sodium complex,False
Montene Montelukast Sodium,mont mont montuk sodium complex,False
Montene Montelukast Sodium,mont mont montuk sodium,False
Montex Montelukast Sodium,mon mont mont montuk sodium complex,False
Montex Montelukast Sodium,mon mont mont mont mont mont montuk sodium montuk sodium sodium sodium sodium sodium sodium sodium sodium,False
Montex Montelukast Sodium,mon mont mont mont montuk sodium complex,False
Montex Montelukast Sodium,mon mont mont montuk sodium complex,False
Montex Montelukast Sodium,mon mont mont mont mont montuk sodium complex,False
Montex Montelukast Sodium,mon mont mont mont mont mont mont montuk sodium,False
Montex Montelukast Sodium,mon mont mont montuk sodium complex,False
Montex Montelukast Sodium,mon mont montuk sodium complex,False
Montex Montelukast Sodium,mon mont mont mont montuk sodium complex,False
Montex Montelukast Sodium,mon mont mont mont mont mont mont mont montuk sodium montuk sodium,False
Napa Extend Paracetamol,n extendapa param,False
Napa Extend Paracetamol,n extend extendacetol,False
Napa Extend Paracetamol,napa param,False
Napa Extend Paracetamol,n extendapa param,False
Napa Extend Paracetamol,n extendapa param,False
Napa Extend Paracetamol,mont mont montuk sodium complex complex,False
Napa Extend Paracetamol,n extendapa param,False
Napa Extend Paracetamol,n extend param,False
Napa Extend Paracetamol,n extend param,False
Napa Extend Paracetamol,nep espole,False
Napa Paracetamol,napaacet ketaz cream complex,False
Napa Paracetamol,napaacet nconole,False
Napa Paracetamol,noder azromy diratephthal,False
Napa Paracetamol,napaacet feofad hydroidechlor,False
Napa Paracetamol,napaacet feofad hydroidechlor,False
Napa Paracetamol,prout montuk sodium complex,False
Napa Paracetamol,napaacet ketaz cream complex,False
Napa Paracetamol,napaacet ketaz cream complex,False
Napa Paracetamol,noder azromy diratephthal,False
Napa Paracetamol,napaacet nconole,False
Nexcap Esomeprazole,nex espole,False
Nexcap Esomeprazole,op espole,False
Nexcap Esomeprazole,nex espole,False
Nexcap Esomeprazole,nex espoleanomechlor,False
Nexcap Esomeprazole,nex espoleofad hydroideof,False
Nexcap Esomeprazole,nex espole,False
Nexcap Esomeprazole,nex espole,False
Nexcap Esomeprazole,nex espolecon fluaz,False
Nexcap Esomeprazole,op espole,False
Nexcap Esomeprazole,nex espoleconole,False
Nexum Esomeprazole,nex es espole,False
Nexum Esomeprazole,nex es espole,False
Nexum Esomeprazole,nex espoleanx sodium complex,False
Nexum Esomeprazole,nex es espole,False
Nexum Esomeprazole,nex espoleanx sodium complex,False
Nexum Esomeprazole,nex es espole,False
Nexum Esomeprazole,nex es espole,False
Nexum Esomeprazole,nex es espole,False
Nexum Esomeprazole,nex es espole,False
Nexum Esomeprazole,nex espole,False
Nidazyl Metronidazole,nnidylronaz metidole,False
Nidazyl Metronidazole,nnoder metidole,False
Nidazyl Metronidazole,nnoder metidole,False
Nidazyl Metronidazole,nidilron metidole,False
Nidazyl Metronidazole,naz metidole,False
Nidazyl Metronidazole,nidilron metidole,False
Nidazyl Metronidazole,nidilronaz metidole,False
Nidazyl Metronidazole,nidylronaz metidole,False
Nidazyl Metronidazole,nnoder metidole,False
Nidazyl Metronidazole,nnoder metidole,False
Nizoder Ketoconazole (Cream),niz ketaz ketaz cream complex,False
Nizoder Ketoconazole (Cream),noder azromy diratephthal,False
Nizoder Ketoconazole (Cream),niz ketaz cream complex complex,False
Nizoder Ketoconazole (Cream),niz ketaz ketaz cream complex,False
Nizoder Ketoconazole (Cream),niz ketaz ketaz cream complex complex,False
Nizoder Ketoconazole (Cream),noder azromy diratephthal,False
Nizoder Ketoconazole (Cream),niz ketaz cream complex complex,False
Nizoder Ketoconazole (Cream),niz ketaz cream complex complex,False
Nizoder Ketoconazole (Cream),noder azromy diratephthal,False
Nizoder Ketoconazole (Cream),noder azromy diratephthal,False
Odmon Montelukast Sodium,od mont montuk sodium complex,False
Odmon Montelukast Sodium,odmonel fluaz sodium complex,False
Odmon Montelukast Sodium,odmonel fluaz sodium complex,False
Odmon Montelukast Sodium,odmonel fluaz sodium complex,False
Odmon Montelukast Sodium,odmonel fluaz sodium complex,False
Odmon Montelukast Sodium,odmonel fluaz sodium complex,False
Odmon Montelukast Sodium,odmonel fluaz sodium complex,False
Odmon Montelukast Sodium,odmonel fluaz sodium complex,False
Odmon Montelukast Sodium,odmonel fluaz sodium complex,False
Odmon Montelukast Sodium,od montuk sodium complex,False
Omastin Fluconazole,omin fluaz,False
Omastin Fluconazole,ominithinconole,False
Omastin Fluconazole,omin fluaz,False
Omastin Fluconazole,omin fluaz,False
Omastin Fluconazole,omin fluaz,False
Omastin Fluconazole,ommon montuk sodium complex,False
Omastin Fluconazole,omin fluaz,False
Omastin Fluconazole,omin fluaz sodium complex,False
Omastin Fluconazole,omin fluaz,False
Omastin Fluconazole,omin fluaz,False
Opton Esomeprazole,op espole,False
Opton Esomeprazole,op espole,False
Opton Esomeprazole,op espole,False
Opton Esomeprazole,op espole,False
Opton Esomeprazole,op espole,False
Opton Esomeprazole,op espole,False
Opton Esomeprazole,op espole,False
Opton Esomeprazole,op espole,False
Opton Esomeprazole,op espole,False
Opton Esomeprazole,nex espoleanx sodium complex,False
Progut Esomeprazole,prout montuk sodium complex,False
Progut Esomeprazole,prout montuk sodiumidephthal,False
Progut Esomeprazole,prout montuk sodium complex,False
Progut Esomeprazole,prout montuk sodium complex,False
Progut Esomeprazole,throut montuk sodium complex,False
Progut Esomeprazole,prout montuk sodiumideof,False
Progut Esomeprazole,prout montuk sodium complex,False
Progut Esomeprazole,prout montuk sodiumideof,False
Progut Esomeprazole,prout montuk sodiumideof,False
Progut Esomeprazole,prout montuk sodiumidephthal,False
Provair Montelukast Sodium,prov mont montuk sodium complex,False
Provair Montelukast Sodium,prov mont montuk sodium complex,False
Provair Montelukast Sodium,prov mont montuk sodiumidechlor,False
Provair Montelukast Sodium,prov mont montuk sodium complex,False
Provair Montelukast Sodium,prov mont montuk sodiumidechlor,False
Provair Montelukast Sodium,prov mont montuk sodium complex,False
Provair Montelukast Sodium,prov mont montuk sodium complex,False
Provair Montelukast Sodium,prov mont montuk sodium complex,False
Provair Montelukast Sodium,prov mont montuk sodium complex,False
Provair Montelukast Sodium,prov mont montuk sodium complex,False
Renova Paracetamol,ren param montuk sodiumidechlor,False
Renova Paracetamol,ren feof feofad hydroidechlor,False
Renova Paracetamol,run mont montuk sodiumium,False
Renova Paracetamol,runum montuk sodium complex,False
Renova Paracetamol,ren paramacetol,False
Renova Paracetamol,Ronastast fluaz sodiumaz sodium complex,False
Renova Paracetamol,ren paramacetol,False
Renova Paracetamol,ren paramacetol,False
Renova Paracetamol,ren paramacetol,False
Renova Paracetamol,ren param montuk sodium complex,False
Rhinil Cetirizine Hydrochloride,rhilet fluaz sodium complex,False
Rhinil Cetirizine Hydrochloride,rhilet clazam,False
Rhinil Cetirizine Hydrochloride,rhilet clazam,False
Rhinil Cetirizine Hydrochloride,rhilet clazam,False
Rhinil Cetirizine Hydrochloride,rhilet clazam,False
Rhinil Cetirizine Hydrochloride,rhil montuk sodiumidechlor,False
Rhinil Cetirizine Hydrochloride,rhilet clazam,False
Rhinil Cetirizine Hydrochloride,rhil montuk sodiumidechlor,False
Rhinil Cetirizine Hydrochloride,rhilet clazam,False
Rhinil Cetirizine Hydrochloride,rhil montuk sodiumidechlor,False
Ritch Fexofenadine Hydrochloride,ritch feof fluaz hydroidechlor,False
Ritch Fexofenadine Hydrochloride,ritch feof feofad hydroidechlor,False
Ritch Fexofenadine Hydrochloride,ritch feofad hydroideof,False
Ritch Fexofenadine Hydrochloride,ritch feofad hydroideof,False
Ritch Fexofenadine Hydrochloride,ritch feofad hydroideof,False
Ritch Fexofenadine Hydrochloride,ritch feof feofad hydroidechlor,False
Ritch Fexofenadine Hydrochloride,ritch feofad hydroideof,False
Ritch Fexofenadine Hydrochloride,ritch feofad hydroideof,False
Ritch Fexofenadine Hydrochloride,ritch feofad hydroideof,False
Ritch Fexofenadine Hydrochloride,ritchil montuk sodium complex,False
Rivotril Clonazepam,rivrilon clazam,False
Rivotril Clonazepam,rivrilon clazam,False
Rivotril Clonazepam,rivrilon clazam,False
Rivotril Clonazepam,rivrilon clazam,False
Rivotril Clonazepam,rivot azromy diratephthal,False
Rivotril Clonazepam,rivrilanilet fluaz sodiumidechlor,False
Rivotril Clonazepam,rivrilon fluaz tabletidechlor,False
Rivotril Clonazepam,fl flu montuk sodium complex,False
Rivotril Clonazepam,rivrilon clazam,False
Rivotril Clonazepam,rivrilon clazam,False
Romycin Azithromycin Dihydrate (Ophthalmic),romycin azromy diratephthal,False
Romycin Azithromycin Dihydrate (Ophthalmic),romycinithithithcinhyd omicirinechlor,False
Romycin Azithromycin Dihydrate (Ophthalmic),romycin azromy diratephthal,False
Romycin Azithromycin Dihydrate (Ophthalmic),romycin azromy diratephthal,False
Romycin Azithromycin Dihydrate (Ophthalmic),romycinithinithcinhyd omicraz,False
Romycin Azithromycin Dihydrate (Ophthalmic),romycin azromy diratephthal,False
Romycin Azithromycin Dihydrate (Ophthalmic),romycin azromy diratephthal,False
Romycin Azithromycin Dihydrate (Ophthalmic),romycin azromy diratephthal,False
Romycin Azithromycin Dihydrate (Ophthalmic),romycin azromy diratephthal,False
Romycin Azithromycin Dihydrate (Ophthalmic),romycin azromy diratephthal,False
Rozith Azithromycin Dihydrate,roroithithithithithith fluazhyd,False
Rozith Azithromycin Dihydrate,roroithithithithithithithcinhyd,False
Rozith Azithromycin Dihydrate,roroithithithithithithithithithith fluazhyd,False
Rozith Azithromycin Dihydrate,roroithithithithithithithithcinhyd,False
Rozith Azithromycin Dihydrate,roro azromy diratephthal,False
Rozith Azithromycin Dihydrate,roroithithithithithithithithil hydroidephthal,False
Rozith Azithromycin Dihydrate,roroithithithithithithithithith fluazhyd,False
Rozith Azithromycin Dihydrate,roroithithithithithithithith fluazhyd,False
Rozith Azithromycin Dihydrate,roroithithithithithithithcinhyd,False
Rozith Azithromycin Dihydrate,roroithithithithithcinhyd,False
Sergel Esomeprazole,ser espole,False
Sergel Esomeprazole,max es espole,False
Sergel Esomeprazole,ser espole,False
Sergel Esomeprazole,ser espole,False
Sergel Esomeprazole,fl flu fluaz sodiumaz sodium complex,False
Sergel Esomeprazole,ser espole,False
Sergel Esomeprazole,ser espoleconole,False
Sergel Esomeprazole,ser espoleconole,False
Sergel Esomeprazole,songoral montuk sodiumidechlor,False
Sergel Esomeprazole,ser espole,False
Tamen Paracetamol,t param,False
Tamen Paracetamol,t param montuk sodium,False
Tamen Paracetamol,t param montuk sodium,False
Tamen Paracetamol,t param montuk sodium complex,False
Tamen Paracetamol,t param montuk sodium,False
Tamen Paracetamol,t param montuk sodium,False
Tamen Paracetamol,t param montuk sodium,False
Tamen Paracetamol,tamenacet azromy diratephthal,False
Tamen Paracetamol,t param montuk sodium,False
Tamen Paracetamol,tamenacet fluaz sodium complex,False
Telfast Fexofenadine Hydrochloride,telf feofad hydroideof,False
Telfast Fexofenadine Hydrochloride,telf feofad hydroideof,False
Telfast Fexofenadine Hydrochloride,tastastronastronaz,False
Telfast Fexofenadine Hydrochloride,telf feofad hydroideof,False
Telfast Fexofenadine Hydrochloride,tastastronep,False
Telfast Fexofenadine Hydrochloride,telf feofad hydroidechlor,False
Telfast Fexofenadine Hydrochloride,tastastronep,False
Telfast Fexofenadine Hydrochloride,telf feofad hydroideof,False
Telfast Fexofenadine Hydrochloride,telf feofad hydroideof,False
Telfast Fexofenadine Hydrochloride,telf feofad hydroideof,False
Tridosil Azithromycin Dihydrate,tros azromy diratephthal,False
Tridosil Azithromycin Dihydrate,trtros azromy diratephthal,False
Tridosil Azithromycin Dihydrate,tros azromy diratephthal,False
Tridosil Azithromycin Dihydrate,tros azromy diratephthal,False
Tridosil Azithromycin Dihydrate,tros azromy diratephthal,False
Tridosil Azithromycin Dihydrate,tros azromy diratephthal,False
Tridosil Azithromycin Dihydrate,tros azromy diratephthal,False
Tridosil Azithromycin Dihydrate,tros azromy diratephthal,False
Tridosil Azithromycin Dihydrate,trtros azromy diratephthal,False
Tridosil Azithromycin Dihydrate,trtros azromy diratephthal,False
Trilock Montelukast Sodium,trtros azromy diratephthal,False
Trilock Montelukast Sodium,tros azromy diratephthal,False
Trilock Montelukast Sodium,tros azromy diratephthal,False
Trilock Montelukast Sodium,tros azromy diratephthal,False
Trilock Montelukast Sodium,trtrockel montuk sodiumidechlor,False
Trilock Montelukast Sodium,tros azromy diratephthal,False
Trilock Montelukast Sodium,tril montuk sodiumidechlor,False
Trilock Montelukast Sodium,tros azromy diratephthal,False
Trilock Montelukast Sodium,tril montuk sodium complex,False
Trilock Montelukast Sodium,tros azromy diratephthal,False
Vifas Fexofenadine Hydrochloride,vas azromy diratephthal,False
Vifas Fexofenadine Hydrochloride,vasx feofad hydroidechlor,False
Vifas Fexofenadine Hydrochloride,vas feofad hydroidechlor,False
Vifas Fexofenadine Hydrochloride,vasx feofad hydroidechlor,False
Vifas Fexofenadine Hydrochloride,vasx feofad hydroidechlor,False
Vifas Fexofenadine Hydrochloride,vas feofad hydroidechlor,False
Vifas Fexofenadine Hydrochloride,vasx feofad hydroidechlor,False
Vifas Fexofenadine Hydrochloride,vas feofad hydroidechlor,False
Vifas Fexofenadine Hydrochloride,vasx feofad hydroidechlor,False
Vifas Fexofenadine Hydrochloride,vasx feofad hydroideof,False
Zithrin Azithromycin Dihydrate,zith azromy diratephthal,False
Zithrin Azithromycin Dihydrate,zith azromy diratephthal,False
Zithrin Azithromycin Dihydrate,zzith azromy diratephthal,False
Zithrin Azithromycin Dihydrate,ithithilithilithiletphthal,False
Zithrin Azithromycin Dihydrate,ith azromy diratephthal,False
Zithrin Azithromycin Dihydrate,zith azromy diratephthal,False
Zithrin Azithromycin Dihydrate,zzith azromy diratephthal,False
Zithrin Azithromycin Dihydrate,zith azromy diratephthal,False
Zithrin Azithromycin Dihydrate,zith azromy diratephthal,False
Zithrin Azithromycin Dihydrate,zzith azromy diratephthal,False
